{"sketch": "test.fz", "net": [{"name": "Net-(CP7-Pad1)", "connector": [{"component": "CP7", "pin": "connector1"}, {"component": "R4", "pin": "connector0"}, {"component": "U1-8", "pin": "connector7"}, {"component": "SW11", "pin": "connector1"}]}, {"name": "Net-(R4-Pad1)", "connector": [{"component": "U1-8", "pin": "connector6"}, {"component": "R5", "pin": "connector0"}, {"component": "R4", "pin": "connector1"}]}, {"name": "Net-(CP7-Pad2)", "connector": [{"component": "CP7", "pin": "connector0"}, {"component": "R2", "pin": "connector0"}, {"component": "U1-8", "pin": "connector3"}]}, {"name": "+3V3", "connector": [{"component": "SW11", "pin": "connector0"}]}, {"name": "GND", "connector": [{"component": "SP8", "pin": "connector0"}, {"component": "C9", "pin": "connector1"}, {"component": "R2", "pin": "connector1"}, {"component": "C10", "pin": "connector1"}, {"component": "U1-8", "pin": "connector0"}]}, {"name": "Net-(C9-Pad2)", "connector": [{"component": "U1-8", "pin": "connector4"}, {"component": "C9", "pin": "connector0"}]}, {"name": "Net-(R3-Pad1)", "connector": [{"component": "SP8", "pin": "connector1"}, {"component": "R3", "pin": "connector1"}]}, {"name": "Net-(CP6-Pad1)", "connector": [{"component": "U1-8", "pin": "connector2"}, {"component": "CP6", "pin": "connector1"}]}, {"name": "Net-(CP6-Pad2)", "connector": [{"component": "CP6", "pin": "connector0"}, {"component": "R3", "pin": "connector0"}]}, {"name": "Net-(C10-Pad2)", "connector": [{"component": "C10", "pin": "connector0"}, {"component": "U1-8", "pin": "connector1"}, {"component": "U1-8", "pin": "connector5"}, {"component": "R5", "pin": "connector1"}]}], "components": [{"label": "U1-8", "connector": [{"id": "connector0", "type": "none", "position": [1, 5]}, {"id": "connector1", "type": "none", "position": [2, 5]}, {"id": "connector2", "type": "none", "position": [3, 5]}, {"id": "connector3", "type": "none", "position": [4, 5]}, {"id": "connector4", "type": "none", "position": [20, 1]}, {"id": "connector5", "type": "none", "position": [19, 1]}, {"id": "connector6", "type": "none", "position": [18, 1]}, {"id": "connector7", "type": "none", "position": [17, 1]}]}, {"label": "SW11", "connector": [{"id": "connector0", "type": "none", "position": [6, 5]}, {"id": "connector1", "type": "none", "position": [22, 1]}]}, {"label": "CP7", "connector": [{"id": "connector0", "type": "anode", "position": [4, 4]}, {"id": "connector1", "type": "cathode", "position": [17, 2]}]}, {"label": "R4", "connector": [{"id": "connector0", "type": "none", "position": [17, 3]}, {"id": "connector1", "type": "none", "position": [18, 2]}]}, {"label": "R5", "connector": [{"id": "connector0", "type": "none", "position": [18, 3]}, {"id": "connector1", "type": "none", "position": [2, 4]}]}, {"label": "R2", "connector": [{"id": "connector0", "type": "none", "position": [4, 3]}, {"id": "connector1", "type": "none", "position": [1, 4]}]}, {"label": "SP8", "connector": [{"id": "connector0", "type": "anode", "position": [1, 3]}, {"id": "connector1", "type": "cathode", "position": [10, 5]}]}, {"label": "C9", "connector": [{"id": "connector0", "type": "none", "position": [20, 2]}, {"id": "connector1", "type": "none", "position": [1, 2]}]}, {"label": "C10", "connector": [{"id": "connector0", "type": "none", "position": [2, 3]}, {"id": "connector1", "type": "none", "position": [9, 5]}]}, {"label": "R3", "connector": [{"id": "connector0", "type": "none", "position": [11, 5]}, {"id": "connector1", "type": "none", "position": [10, 4]}]}, {"label": "CP6", "connector": [{"id": "connector0", "type": "anode", "position": [11, 4]}, {"id": "connector1", "type": "cathode", "position": [3, 4]}]}, {"label": "wire1", "connector": [{"id": "connector0", "type": "none", "position": [1, 1]}, {"id": "connector1", "type": "none", "position": [9, 1]}]}, {"label": "wire2", "connector": [{"id": "connector0", "type": "none", "position": [2, 1]}, {"id": "connector1", "type": "none", "position": [19, 5]}]}, {"label": "wire3", "connector": [{"id": "connector0", "type": "none", "position": [17, 5]}, {"id": "connector1", "type": "none", "position": [22, 5]}]}]}