{  
   "sketch":"test.fz",
   "net":[  
      {  
         "name":"+3V3",
         "connector":[  
            {  
               "component":"C1",
               "pin":"connector1"
            }
         ]
      },
      {  
         "name":"Net-(C1-Pad1)",
         "connector":[  
            {  
               "component":"C1",
               "pin":"connector0"
            },
            {  
               "component":"LDR1",
               "pin":"connector1"
            }
         ]
      },
      {  
         "name":"Net-(LDR1-Pad1)",
         "connector":[  
            {  
               "component":"LDR1",
               "pin":"connector0"
            },
            {  
               "component":"R1",
               "pin":"connector1"
            }
         ]
      },
      {  
         "name":"Net-(R1-Pad1)",
         "connector":[  
            {  
               "component":"R1",
               "pin":"connector0"
            },
            {  
               "component":"SP1",
               "pin":"connector0"
            }
         ]
      },
      {  
         "name":"Net-(SP1-Pad2)",
         "connector":[  
            {  
               "component":"SP1",
               "pin":"connector1"
            },
            {  
               "component":"U1-8",
               "pin":"connector3"
            }
         ]
      },
      {  
         "name":"Net-(OPAMP1-Pad2)",
         "connector":[  
            {  
               "component":"OPAMP1",
               "pin":"connector1"
            }
         ]
      },
      {  
         "name":"Net-(OPAMP1-Pad6)",
         "connector":[  
            {  
               "component":"OPAMP1",
               "pin":"connector5"
            }
         ]
      },
      {  
         "name":"Net-(L1-Pad1)",
         "connector":[  
            {  
               "component":"L1",
               "pin":"connector0"
            },
            {  
               "component":"OPAMP1",
               "pin":"connector6"
            }
         ]
      },
      {  
         "name":"Net-(RELAY1-Pad1)",
         "connector":[  
            {  
               "component":"RELAY1",
               "pin":"connector0"
            }
         ]
      },
      {  
         "name":"Net-(RELAY1-Pad2)",
         "connector":[  
            {  
               "component":"RELAY1",
               "pin":"connector1"
            }
         ]
      },
      {  
         "name":"Net-(SW1-Pad2)",
         "connector":[  
            {  
               "component":"SW1",
               "pin":"connector1"
            },
            {  
               "component":"RELAY1",
               "pin":"connector2"
            }
         ]
      },
      {  
         "name":"Net-(RELAY1-Pad5)",
         "connector":[  
            {  
               "component":"RELAY1",
               "pin":"connector4"
            }
         ]
      },
      {  
         "name":"Net-(OPAMP1-Pad4)",
         "connector":[  
            {  
               "component":"OPAMP1",
               "pin":"connector3"
            },
            {  
               "component":"U1-8",
               "pin":"connector0"
            }
         ]
      },
      {  
         "name":"Net-(U1-8-Pad8)",
         "connector":[  
            {  
               "component":"U1-8",
               "pin":"connector7"
            }
         ]
      },
      {  
         "name":"Net-(Q1-Pad3)",
         "connector":[  
            {  
               "component":"Q1",
               "pin":"connector2"
            },
            {  
               "component":"U1-8",
               "pin":"connector1"
            }
         ]
      },
      {  
         "name":"Net-(OPAMP1-Pad3)",
         "connector":[  
            {  
               "component":"U1-8",
               "pin":"connector2"
            },
            {  
               "component":"OPAMP1",
               "pin":"connector2"
            }
         ]
      },
      {  
         "name":"Net-(U1-8-Pad5)",
         "connector":[  
            {  
               "component":"U1-8",
               "pin":"connector4"
            },
            {  
               "component":"RELAY1",
               "pin":"connector5"
            }
         ]
      },
      {  
         "name":"Net-(U1-8-Pad6)",
         "connector":[  
            {  
               "component":"U1-8",
               "pin":"connector5"
            }
         ]
      },
      {  
         "name":"Net-(U1-8-Pad7)",
         "connector":[  
            {  
               "component":"RELAY1",
               "pin":"connector3"
            },
            {  
               "component":"U1-8",
               "pin":"connector6"
            }
         ]
      },
      {  
         "name":"Net-(CP1-Pad2)",
         "connector":[  
            {  
               "component":"SW1",
               "pin":"connector0"
            },
            {  
               "component":"CP1",
               "pin":"connector1"
            },
            {  
               "component":"D1",
               "pin":"connector1"
            }
         ]
      },
      {  
         "name":"Net-(Q1-Pad2)",
         "connector":[  
            {  
               "component":"Q1",
               "pin":"connector1"
            }
         ]
      },
      {  
         "name":"Net-(BT1-Pad1)",
         "connector":[  
            {  
               "component":"Q1",
               "pin":"connector0"
            },
            {  
               "component":"L1",
               "pin":"connector1"
            },
            {  
               "component":"BT1",
               "pin":"connector0"
            }
         ]
      },
      {  
         "name":"GND",
         "connector":[  
            {  
               "component":"LED1",
               "pin":"connector0"
            }
         ]
      },
      {  
         "name":"Net-(D1-Pad1)",
         "connector":[  
            {  
               "component":"D1",
               "pin":"connector0"
            },
            {  
               "component":"LED1",
               "pin":"connector1"
            }
         ]
      },
      {  
         "name":"Net-(BT1-Pad2)",
         "connector":[  
            {  
               "component":"CP1",
               "pin":"connector0"
            },
            {  
               "component":"BT1",
               "pin":"connector1"
            }
         ]
      },
      {  
         "name":"Net-OPAMP1pin1",
         "connector":[  
            {  
               "component":"OPAMP1",
               "pin":"connector0"
            }
         ]
      },
      {  
         "name":"Net-OPAMP1pin8",
         "connector":[  
            {  
               "component":"OPAMP1",
               "pin":"connector7"
            }
         ]
      },
      {  
         "name":"Net-OPAMP1pin5",
         "connector":[  
            {  
               "component":"OPAMP1",
               "pin":"connector4"
            }
         ]
      }
   ],
   "components":[  
      {  
         "label":"U1-8",
         "connector":[  
            {  
               "id":"connector0",
               "type":"none",
               "position":[  
                  1,
                  5
               ]
            },
            {  
               "id":"connector1",
               "type":"none",
               "position":[  
                  2,
                  5
               ]
            },
            {  
               "id":"connector2",
               "type":"none",
               "position":[  
                  3,
                  5
               ]
            },
            {  
               "id":"connector3",
               "type":"none",
               "position":[  
                  4,
                  5
               ]
            },
            {  
               "id":"connector7",
               "type":"none",
               "position":[  
                  17,
                  1
               ]
            },
            {  
               "id":"connector6",
               "type":"none",
               "position":[  
                  18,
                  1
               ]
            },
            {  
               "id":"connector5",
               "type":"none",
               "position":[  
                  19,
                  1
               ]
            },
            {  
               "id":"connector4",
               "type":"none",
               "position":[  
                  20,
                  1
               ]
            }
         ]
      },
      {  
         "label":"OPAMP1",
         "connector":[  
            {  
               "id":"connector0",
               "type":"none",
               "position":[  
                  5,
                  5
               ]
            },
            {  
               "id":"connector1",
               "type":"none",
               "position":[  
                  6,
                  5
               ]
            },
            {  
               "id":"connector2",
               "type":"none",
               "position":[  
                  3,
                  4
               ]
            },
            {  
               "id":"connector3",
               "type":"none",
               "position":[  
                  1,
                  4
               ]
            },
            {  
               "id":"connector7",
               "type":"none",
               "position":[  
                  21,
                  1
               ]
            },
            {  
               "id":"connector6",
               "type":"none",
               "position":[  
                  22,
                  1
               ]
            },
            {  
               "id":"connector5",
               "type":"none",
               "position":[  
                  23,
                  1
               ]
            },
            {  
               "id":"connector4",
               "type":"none",
               "position":[  
                  24,
                  1
               ]
            }
         ]
      },
      {  
         "label":"RELAY1",
         "connector":[  
            {  
               "id":"connector0",
               "type":"none",
               "position":[  
                  9,
                  5
               ]
            },
            {  
               "id":"connector1",
               "type":"none",
               "position":[  
                  10,
                  5
               ]
            },
            {  
               "id":"connector2",
               "type":"none",
               "position":[  
                  11,
                  5
               ]
            },
            {  
               "id":"connector5",
               "type":"none",
               "position":[  
                  25,
                  1
               ]
            },
            {  
               "id":"connector4",
               "type":"none",
               "position":[  
                  26,
                  1
               ]
            },
            {  
               "id":"connector3",
               "type":"none",
               "position":[  
                  27,
                  1
               ]
            }
         ]
      },
      {  
         "label":"SP1",
         "connector":[  
            {  
               "id":"connector0",
               "type":"anode",
               "position":[  
                  16,
                  5
               ]
            },
            {  
               "id":"connector1",
               "type":"cathode",
               "position":[  
                  4,
                  4
               ]
            }
         ]
      },
      {  
         "label":"C1",
         "connector":[  
            {  
               "id":"connector1",
               "type":"none",
               "position":[  
                  29,
                  1
               ]
            },
            {  
               "id":"connector0",
               "type":"none",
               "position":[  
                  32,
                  1
               ]
            }
         ]
      },
      {  
         "label":"LDR1",
         "connector":[  
            {  
               "id":"connector1",
               "type":"none",
               "position":[  
                  32,
                  2
               ]
            },
            {  
               "id":"connector0",
               "type":"none",
               "position":[  
                  28,
                  1
               ]
            }
         ]
      },
      {  
         "label":"L1",
         "connector":[  
            {  
               "id":"connector0",
               "type":"none",
               "position":[  
                  22,
                  2
               ]
            },
            {  
               "id":"connector1",
               "type":"none",
               "position":[  
                  31,
                  1
               ]
            }
         ]
      },
      {  
         "label":"R1",
         "connector":[  
            {  
               "id":"connector1",
               "type":"none",
               "position":[  
                  28,
                  2
               ]
            },
            {  
               "id":"connector0",
               "type":"none",
               "position":[  
                  16,
                  4
               ]
            }
         ]
      },
      {  
         "label":"SW1",
         "connector":[  
            {  
               "id":"connector1",
               "type":"none",
               "position":[  
                  11,
                  4
               ]
            },
            {  
               "id":"connector0",
               "type":"none",
               "position":[  
                  30,
                  1
               ]
            }
         ]
      },
      {  
         "label":"Q1",
         "connector":[  
            {  
               "id":"connector2",
               "type":"collector",
               "position":[  
                  2,
                  4
               ]
            },
            {  
               "id":"connector1",
               "type":"base",
               "position":[  
                  12,
                  5
               ]
            },
            {  
               "id":"connector0",
               "type":"emitter",
               "position":[  
                  31,
                  2
               ]
            }
         ]
      },
      {  
         "label":"CP1",
         "connector":[  
            {  
               "id":"connector1",
               "type":"cathode",
               "position":[  
                  30,
                  2
               ]
            },
            {  
               "id":"connector0",
               "type":"anode",
               "position":[  
                  14,
                  5
               ]
            }
         ]
      },
      {  
         "label":"D1",
         "connector":[  
            {  
               "id":"connector1",
               "type":"cathode",
               "position":[  
                  30,
                  3
               ]
            },
            {  
               "id":"connector0",
               "type":"anode",
               "position":[  
                  15,
                  5
               ]
            }
         ]
      },
      {  
         "label":"BT1",
         "connector":[  
            {  
               "id":"connector0",
               "type":"positive",
               "position":[  
                  31,
                  3
               ]
            },
            {  
               "id":"connector1",
               "type":"negative",
               "position":[  
                  14,
                  4
               ]
            }
         ]
      },
      {  
         "label":"LED1",
         "connector":[  
            {  
               "id":"connector0",
               "type":"anode",
               "position":[  
                  13,
                  5
               ]
            },
            {  
               "id":"connector1",
               "type":"cathode",
               "position":[  
                  15,
                  4
               ]
            }
         ]
      },
      {  
         "label":"wire1",
         "connector":[  
            {  
               "id":"connector0",
               "type":"none",
               "position":[  
                  1,
                  1
               ]
            },
            {  
               "id":"connector1",
               "type":"none",
               "position":[  
                  8,
                  1
               ]
            }
         ]
      },
      {  
         "label":"wire2",
         "connector":[  
            {  
               "id":"connector0",
               "type":"none",
               "position":[  
                  3,
                  1
               ]
            },
            {  
               "id":"connector1",
               "type":"none",
               "position":[  
                  7,
                  1
               ]
            }
         ]
      },
      {  
         "label":"wire3",
         "connector":[  
            {  
               "id":"connector0",
               "type":"none",
               "position":[  
                  18,
                  5
               ]
            },
            {  
               "id":"connector1",
               "type":"none",
               "position":[  
                  27,
                  5
               ]
            }
         ]
      },
      {  
         "label":"wire4",
         "connector":[  
            {  
               "id":"connector0",
               "type":"none",
               "position":[  
                  20,
                  5
               ]
            },
            {  
               "id":"connector1",
               "type":"none",
               "position":[  
                  25,
                  5
               ]
            }
         ]
      }
   ]
}