{"sketch": "test.fz", "net": [{"name": "GND", "connector": [{"component": "U1", "pin": "connector5"}, {"component": "R8", "pin": "connector0"}, {"component": "SW4", "pin": "connector1"}, {"component": "SW3", "pin": "connector0"}, {"component": "C2", "pin": "connector1"}, {"component": "U1", "pin": "connector0"}]}, {"name": "Net-(LED9-Pad1)", "connector": [{"component": "LED9", "pin": "connector0"}, {"component": "R8", "pin": "connector1"}]}, {"name": "Net-(C2-Pad2)", "connector": [{"component": "C2", "pin": "connector0"}, {"component": "U1", "pin": "connector4"}]}, {"name": "Net-(R6-Pad2)", "connector": [{"component": "U1", "pin": "connector1"}, {"component": "R6", "pin": "connector0"}, {"component": "SW4", "pin": "connector0"}]}, {"name": "Net-(LED10-Pad1)", "connector": [{"component": "U1", "pin": "connector2"}, {"component": "LED10", "pin": "connector0"}, {"component": "LED9", "pin": "connector1"}]}, {"name": "Net-(LED10-Pad2)", "connector": [{"component": "R7", "pin": "connector0"}, {"component": "LED10", "pin": "connector1"}]}, {"name": "Net-(U1-Pad7)", "connector": [{"component": "U1", "pin": "connector6"}]}, {"name": "Net-(R5-Pad2)", "connector": [{"component": "U1", "pin": "connector3"}, {"component": "R5", "pin": "connector0"}, {"component": "SW3", "pin": "connector1"}]}, {"name": "+3V3", "connector": [{"component": "U1", "pin": "connector7"}, {"component": "R6", "pin": "connector1"}, {"component": "R7", "pin": "connector1"}, {"component": "R5", "pin": "connector1"}]}], "components": [{"label": "U1", "connector": [{"id": "connector0", "type": "none", "position": [1, 5]}, {"id": "connector1", "type": "none", "position": [2, 5]}, {"id": "connector2", "type": "none", "position": [3, 5]}, {"id": "connector3", "type": "none", "position": [4, 5]}, {"id": "connector4", "type": "none", "position": [20, 1]}, {"id": "connector5", "type": "none", "position": [19, 1]}, {"id": "connector6", "type": "none", "position": [18, 1]}, {"id": "connector7", "type": "none", "position": [17, 1]}]}, {"label": "SW4", "connector": [{"id": "connector0", "type": "none", "position": [6, 5]}, {"id": "connector1", "type": "none", "position": [22, 1]}]}, {"label": "SW3", "connector": [{"id": "connector0", "type": "none", "position": [9, 5]}, {"id": "connector1", "type": "none", "position": [25, 1]}]}, {"label": "R8", "connector": [{"id": "connector0", "type": "none", "position": [1, 4]}, {"id": "connector1", "type": "none", "position": [12, 5]}]}, {"label": "C2", "connector": [{"id": "connector0", "type": "none", "position": [20, 2]}, {"id": "connector1", "type": "none", "position": [1, 3]}]}, {"label": "LED9", "connector": [{"id": "connector0", "type": "anode", "position": [12, 4]}, {"id": "connector1", "type": "cathode", "position": [3, 4]}]}, {"label": "R6", "connector": [{"id": "connector0", "type": "none", "position": [2, 4]}, {"id": "connector1", "type": "none", "position": [17, 2]}]}, {"label": "LED10", "connector": [{"id": "connector0", "type": "anode", "position": [3, 3]}, {"id": "connector1", "type": "cathode", "position": [13, 5]}]}, {"label": "R7", "connector": [{"id": "connector0", "type": "none", "position": [13, 4]}, {"id": "connector1", "type": "none", "position": [17, 3]}]}, {"label": "R5", "connector": [{"id": "connector0", "type": "none", "position": [4, 4]}, {"id": "connector1", "type": "none", "position": [17, 4]}]}, {"label": "wire1", "connector": [{"id": "connector0", "type": "none", "position": [1, 1]}, {"id": "connector1", "type": "none", "position": [19, 5]}]}, {"label": "wire2", "connector": [{"id": "connector0", "type": "none", "position": [19, 4]}, {"id": "connector1", "type": "none", "position": [22, 5]}]}, {"label": "wire3", "connector": [{"id": "connector0", "type": "none", "position": [22, 4]}, {"id": "connector1", "type": "none", "position": [9, 1]}]}, {"label": "wire4", "connector": [{"id": "connector0", "type": "none", "position": [2, 1]}, {"id": "connector1", "type": "none", "position": [6, 1]}]}, {"label": "wire5", "connector": [{"id": "connector0", "type": "none", "position": [4, 1]}, {"id": "connector1", "type": "none", "position": [25, 5]}]}, {"label": "wire6", "connector": [{"id": "connector0", "type": "none", "position": [17, 5]}, {"id": "connector1", "type": "none", "position": [14, 1]}]}]}